batter,batter_name,game_year,pa,contact_metric_scouting_scale,xdamage_metric_scouting_scale,baez_arraez_scale
592450,"Judge, Aaron",2024,681,112.96030043059243,152.30607096114846,132.63318569587045
665742,"Soto, Juan",2025,413,110.84178271658791,144.38979127104307,127.61578699381549
665742,"Soto, Juan",2024,709,115.85112627167959,139.28772633811724,127.56942630489841
663656,"Tucker, Kyle",2025,415,122.90469809949232,128.08576131297295,125.49522970623264
663656,"Tucker, Kyle",2024,336,113.65510785787245,137.22309901824144,125.43910343805695
592450,"Judge, Aaron",2025,404,104.32733447308385,142.75822903928074,123.5427817561823
670042,"Raley, Luke",2025,152,122.3843579262649,117.22747516540133,119.80591654583311
660271,"Ohtani, Shohei",2024,720,99.24212082459711,138.80326144182683,119.02269113321196
571970,"Muncy, Max",2025,311,121.44727513090422,115.89873524767711,118.67300518929066
650402,"Torres, Gleyber",2025,358,123.86695720507677,112.98315609901344,118.4250566520451
669257,"Smith, Will",2025,299,111.83868031096242,123.75650966828883,117.79759498962562
592885,"Yelich, Christian",2024,310,113.7893863488446,120.42239908232352,117.10589271558406
664059,"Haggerty, Sam",2025,137,115.51984528435744,117.83034924829771,116.67509726632758
656976,"Smith, Pavin",2024,156,104.88766691372594,127.83019729101134,116.35893210236864
608369,"Seager, Corey",2025,281,109.19719438032308,122.81555951072579,116.00637694552444
677800,"Abreu, Wilyer",2025,297,109.89750191284229,120.12358890684348,115.01054540984288
608369,"Seager, Corey",2024,520,109.15210084285582,120.55756953547998,114.8548351891679
543807,"Springer, George",2024,610,119.56399013993612,110.10900363541813,114.83649688767713
665019,"Clemens, Kody",2025,165,110.31072505018824,118.27593483367994,114.29332994193409
665487,"Tatis Jr., Fernando",2024,436,107.7296582913041,120.15164066708948,113.9406494791968
680757,"Kwan, Steven",2024,538,118.04021369044813,109.53966934652338,113.78994151848576
606466,"Marte, Ketel",2025,291,115.43839211222965,111.64157003773231,113.53998107498097
664040,"Lowe, Brandon",2025,338,107.85668859152392,118.66319375454901,113.25994117303647
660271,"Ohtani, Shohei",2025,426,97.64680121966961,128.486641807745,113.06672151370731
700250,"Rice, Ben",2024,178,112.95235183734141,113.10675129321616,113.02955156527878
605141,"Betts, Mookie",2024,513,115.29418836070353,110.55987550467188,112.9270319326877
642201,"White, Eli",2025,185,109.88644788239449,115.95512115660796,112.92078451950123
543807,"Springer, George",2025,353,109.33317717288455,116.32633465968334,112.82975591628394
643565,"Tauchman, Mike",2024,346,123.76936781237137,101.69233787362634,112.73085284299886
664040,"Lowe, Brandon",2024,423,100.54343483766833,124.62749029904629,112.58546256835731
672695,"Perdomo, Geraldo",2025,422,114.7041842713472,109.62768175926556,112.16593301530638
643446,"McNeil, Jeff",2025,225,123.24483796059128,100.76090416702685,112.00287106380907
665804,"Amaya, Miguel",2024,354,106.4877107595056,117.28455026007882,111.88613050979221
669065,"Stowers, Kyle",2025,342,108.72604880815251,115.00343406204601,111.86474143509926
669224,"Wells, Austin",2024,410,113.33517672436311,110.22860838727193,111.78189255581752
663757,"Grisham, Trent",2025,308,106.35387886722988,117.13675672212958,111.74531779467972
668904,"Lewis, Royce",2025,153,107.27998347177443,115.62966585073224,111.45482466125333
656941,"Schwarber, Kyle",2025,419,102.02003281886844,120.7322350212115,111.37613392003996
545361,"Trout, Mike",2025,289,104.57612576518281,118.12780765117947,111.35196670818114
667670,"Rooker, Brent",2025,423,92.92216816336986,129.78076014005248,111.35146415171117
444482,"Peralta, David",2024,258,111.61051335879127,110.98290290798879,111.29670813339003
665487,"Tatis Jr., Fernando",2025,403,105.44192222044411,117.11282280226649,111.27737251135531
606466,"Marte, Ketel",2024,575,108.06204125829605,114.44034120161106,111.25119122995355
518692,"Freeman, Freddie",2024,628,112.84132480342916,108.80819431430453,110.82475955886684
679529,"Torkelson, Spencer",2025,377,113.25574992225195,108.28500358368765,110.77037675296981
606192,"Hernández, Teoscar",2024,647,104.80065393293924,116.63090733437342,110.71578063365632
571970,"Muncy, Max",2024,287,115.44954150978353,105.95493193678108,110.70223672328231
630105,"Cronenworth, Jake",2024,651,114.6361529231836,106.64915201292163,110.64265246805262
595777,"Profar, Jurickson",2024,658,114.7795969442666,106.20940881444113,110.49450287935386
608348,"Kelly, Carson",2025,231,113.99342194465923,106.75911515045155,110.37626854755538
656413,"Fairchild, Stuart",2024,229,112.70827819880037,107.65616463519787,110.18222141699911
681481,"Carpenter, Kerry",2024,292,99.60364857091622,120.45534826119695,110.02949841605658
665489,"Guerrero Jr., Vladimir",2024,681,105.83042488615209,113.83477967743408,109.83260228179309
670042,"Raley, Luke",2024,450,100.82260884653171,118.71945291745187,109.77103088199179
596019,"Lindor, Francisco",2024,686,112.33168530763707,107.13780716027327,109.73474623395518
641432,"Calhoun, Willie",2024,253,118.32278087948868,100.9226732925514,109.62272708602003
606192,"Hernández, Teoscar",2025,309,109.1804168961723,109.89522014938933,109.53781852278081
608324,"Bregman, Alex",2025,233,109.21709355098282,109.62325264574167,109.42017309836226
670770,"Friedl, TJ",2025,406,115.57224237729277,103.21029890111082,109.39127063920179
694384,"Schanuel, Nolan",2025,389,113.1764763338616,105.60370753404989,109.39009193395574
663527,"Nevin, Tyler",2024,273,115.87056338416014,102.3212026396774,109.09588301191877
660670,"Acuña Jr., Ronald",2024,221,108.02561092556687,109.99689424853094,109.0112525870489
656775,"Mullins, Cedric",2024,495,112.7664940844339,104.98593220329704,108.87621314386547
673548,"Suzuki, Seiya",2024,580,99.46881709597653,118.06813139362335,108.76847424479993
656716,"McKinstry, Zach",2025,329,115.42131270288172,102.05841301460825,108.73986285874498
689414,"Hicks, Liam",2025,194,109.16012005104893,108.2991923784414,108.72965621474518
666181,"Benson, Will",2025,172,112.98974938678835,104.44444775493363,108.717098570861
668939,"Rutschman, Adley",2025,275,110.87479059295747,106.47047336673828,108.67263197984786
643446,"McNeil, Jeff",2024,469,113.34541728784234,103.89456164914482,108.61998946849357
608701,"Refsnyder, Rob",2024,304,108.27040932660854,108.96896857113799,108.61968894887326
572233,"Walker, Christian",2024,545,111.72931044664912,105.47099927437974,108.60015486051444
657557,"DeJong, Paul",2024,482,106.90807706188966,110.20942818070922,108.55875262129945
643376,"Jansen, Danny",2024,322,117.86243941876998,99.15296472062234,108.50770206969617
641584,"Fraley, Jake",2024,379,116.90810602897092,100.05876375301253,108.48343489099173
608701,"Refsnyder, Rob",2025,122,108.02134532502365,108.93927081190783,108.48030806846575
542303,"Ozuna, Marcell",2024,682,94.63570753819775,122.1118638704965,108.37378570434713
672515,"Moreno, Gabriel",2024,348,116.02943199466367,100.59064661994917,108.31003930730643
621566,"Olson, Matt",2025,418,105.56820037375277,110.95992830447591,108.26406433911434
680776,"Duran, Jarren",2024,728,104.87965779081517,111.58183488446971,108.23074633764244
669743,"Call, Alex",2025,209,108.20635059341025,108.25010833534006,108.22822946437515
693304,"Gonzales, Nick",2025,144,114.54571418576862,101.85034532549686,108.19802975563275
621466,"Stewart, DJ",2024,191,117.94727141413533,98.44018958989123,108.19373050201328
592518,"Machado, Manny",2024,634,98.58974033152593,117.54915965124592,108.06944999138592
691718,"Crow-Armstrong, Pete",2024,398,97.42893800853041,118.64634338441996,108.0376406964752
602104,"Urías, Ramón",2024,299,117.87416975042899,98.14491326852993,108.00954150947946
676059,"Westburg, Jordan",2025,179,100.45073688005932,115.56735409131863,108.00904548568897
680474,"Schuemann, Max",2025,114,122.94097361592287,92.82238030929906,107.88167696261097
500743,"Rojas, Miguel",2024,331,110.28014618477808,105.43400433906905,107.85707526192357
543760,"Semien, Marcus",2024,713,115.60235128729998,99.9461921765244,107.7742717319122
676059,"Westburg, Jordan",2024,446,102.08525722449976,113.39214754201657,107.73870238325816
701538,"Merrill, Jackson",2024,586,101.01214498428288,114.39620029055799,107.70417263742044
680757,"Kwan, Steven",2025,402,116.12640799386898,99.21278199391259,107.66959499389078
672724,"Peraza, Oswald",2025,158,111.07404188073028,104.17945273950761,107.62674731011894
518735,"Grandal, Yasmani",2024,240,103.82616549353624,111.39521354550729,107.61068951952177
680977,"Donovan, Brendan",2024,650,111.2932454301502,103.73064102558592,107.51194322786806
608324,"Bregman, Alex",2024,632,111.38960018901649,103.62238203852272,107.5059911137696
621439,"Buxton, Byron",2025,329,92.62616955120308,122.2892268084291,107.45769817981609
681393,"Norby, Connor",2024,193,111.56985034325719,102.99300331368238,107.28142682846979
677951,"Witt Jr., Bobby",2025,411,95.69745265171996,118.7844357098702,107.24094418079508
686676,"Lee, Korey",2024,392,101.76372266878145,112.68223011817977,107.22297639348062
665862,"Chisholm Jr., Jazz",2025,267,95.11599059084543,119.18293124317431,107.14946091700986
608070,"Ramírez, José",2025,378,103.66460979273697,110.59040734110737,107.12750856692216
683737,"Busch, Michael",2025,334,101.62950253382654,112.51429534352442,107.07189893867547
663586,"Riley, Austin",2024,467,98.55370714438179,115.54318738270533,107.04844726354355
701358,"Smith, Cam",2025,323,98.70304950407635,115.36980852002918,107.03642901205276
657656,"Laureano, Ramón",2025,234,106.91201305413674,107.09888865308932,107.00545085361303
668804,"Reynolds, Bryan",2025,388,106.22502878988583,107.73817965058478,106.98160422023531
673490,"Kim, Ha-Seong",2024,456,113.23239941549168,100.72454373951035,106.97847157750101
668885,"Martin, Austin",2024,255,115.63741845124315,98.31536007919387,106.9763892652185
643217,"Benintendi, Andrew",2025,266,112.43312389003883,101.49030771618862,106.96171580311372
621493,"Ward, Taylor",2024,662,106.47989363962611,107.32962294393013,106.90475829177812
682177,"Schneemann, Daniel",2024,221,108.07225410574156,105.711420409599,106.89183725767029
542303,"Ozuna, Marcell",2025,386,100.49820087892793,113.23052140119776,106.86436114006284
660162,"Moncada, Yoán",2025,133,97.20620391297072,116.5207718897694,106.86348790137006
668709,"Bleday, JJ",2024,636,109.49959663369997,104.16556667618678,106.83258165494337
672386,"Kirk, Alejandro",2025,314,114.49604642898268,99.09601946769024,106.79603294833646
661388,"Contreras, William",2024,671,105.58167909582775,107.99275392985112,106.78721651283944
643217,"Benintendi, Andrew",2024,520,113.62537528766235,99.6952248015401,106.66030004460123
700337,"Quero, Edgar",2025,209,120.90379950361864,92.36453009252082,106.63416479806973
666135,"Kirilloff, Alex",2024,176,102.6576727409553,110.55944992924867,106.608561335102
660766,"Yepez, Juan",2024,246,104.36715425432979,108.84358347226949,106.60536886329965
608385,"Winker, Jesse",2024,503,108.89325404188028,104.1879453201842,106.54059968103223
621550,"Wisdom, Patrick",2024,169,99.98948144816981,113.07745329154919,106.5334673698595
663586,"Riley, Austin",2025,407,100.79488858499712,112.26853859605949,106.53171359052831
690993,"Keith, Colt",2025,294,103.24261819972813,109.80291869519283,106.52276844746048
621035,"Taylor, Chris",2024,243,114.39771883736671,98.5622116471032,106.47996524223495
663697,"India, Jonathan",2024,634,108.37952554240118,104.46260281260535,106.42106417750327
668904,"Lewis, Royce",2024,322,99.25837648459319,113.55142065913589,106.40489857186454
571771,"Hernández, Enrique",2024,390,115.59705252926348,97.20966860206669,106.40336056566508
605141,"Betts, Mookie",2025,389,109.81544111875644,102.96467791476368,106.39005951676006
670156,"Mastrobuoni, Miles",2025,156,116.51428130168355,96.22004632265993,106.36716381217174
663457,"Nootbaar, Lars",2024,401,107.70633488585769,104.88357033237813,106.2949526091179
593871,"Polanco, Jorge",2025,291,105.71525688941915,106.86339405034478,106.28932546988196
642136,"Thaiss, Matt",2024,186,120.25420778411996,92.26548967915254,106.25984873163625
672640,"Lopez, Otto",2025,322,105.36981768240511,107.01756214890398,106.19368991565455
663853,"Gonzalez, Romy",2024,216,92.62391397627279,119.72137660701299,106.17264529164288
666018,"Aranda, Jonathan",2025,351,96.01226744355127,116.3011018804862,106.15668466201873
545121,"Vargas, Ildemaro",2024,297,113.78703970701086,98.28004831999888,106.03354401350487
677951,"Witt Jr., Bobby",2024,700,96.41205419717436,115.61502137995957,106.01353778856696
621020,"Swanson, Dansby",2024,589,111.2445961372889,100.63704552404812,105.94082083066851
673548,"Suzuki, Seiya",2025,403,99.25100233188392,112.56950853577916,105.91025543383154
656811,"O'Hearn, Ryan",2025,312,104.18829205979915,107.61726948912197,105.90278077446055
669257,"Smith, Will",2024,535,104.54836755724905,107.17732087645416,105.86284421685161
807799,"Yoshida, Masataka",2024,420,110.57764764299358,101.0926845775289,105.83516611026124
656811,"O'Hearn, Ryan",2024,490,100.41968288006309,111.23700001687476,105.82834144846893
646240,"Devers, Rafael",2025,430,108.2917657934814,103.32021902103718,105.80599240725928
665489,"Guerrero Jr., Vladimir",2025,404,106.5263277581919,104.98991782460207,105.75812279139699
663616,"Larnach, Trevor",2024,397,103.47465746264172,108.02524684432566,105.74995215348369
596146,"Kepler, Max",2024,397,105.82844813451813,105.62689606050678,105.72767209751245
672356,"Arias, Gabriel",2024,161,100.42293415687192,110.99018253293045,105.70655834490118
518595,"d'Arnaud, Travis",2024,339,108.4154708120075,102.98081928732525,105.69814504966638
681624,"Pages, Andy",2024,436,98.18602755104283,113.20160680292584,105.69381717698434
683002,"Henderson, Gunnar",2024,715,103.25338398300836,108.09360126190364,105.673492622456
660670,"Acuña Jr., Ronald",2025,191,103.53487638684246,107.7378614061119,105.63636889647718
687462,"Horwitz, Spencer",2025,178,110.34467280533525,100.83905607090007,105.59186443811765
686948,"Baldwin, Drake",2025,210,102.37680258228596,108.78542106407566,105.5811118231808
694497,"Carter, Evan",2025,147,110.9944291824035,100.13142834713331,105.5629287647684
630105,"Cronenworth, Jake",2025,266,109.97226390350079,101.1523459484253,105.56230492596305
605137,"Bell, Josh",2025,320,109.73690945137947,101.37087950207892,105.5538944767292
686555,"Collins, Isaac",2025,225,112.04715384186044,98.95738749108163,105.50227066647103
592518,"Machado, Manny",2025,405,96.0052843560782,114.83131293180443,105.41829864394131
595281,"Kiermaier, Kevin",2024,271,108.45758347424987,102.28108018115917,105.36933182770451
683766,"Koss, Christian",2025,104,106.81916527001331,103.90352905466077,105.36134716233704
545341,"Grichuk, Randal",2024,277,99.24021680238961,111.4507840795011,105.34550044094536
642136,"Thaiss, Matt",2025,171,116.76266160754778,93.8657635427022,105.314212575125
650489,"Castro, Willi",2025,287,106.76293609220794,103.8467231782952,105.30482963525156
656555,"Hoskins, Rhys",2025,315,106.9525358103145,103.61915018273335,105.28584299652393
665862,"Chisholm Jr., Jazz",2024,612,98.52108212734582,112.01922015313997,105.27015114024289
608070,"Ramírez, José",2024,668,103.83985538537283,106.66316535464368,105.25151037000825
702332,"Durbin, Caleb",2025,268,115.98320742103982,94.49933279528823,105.24127010816403
680700,"Palacios, Richie",2024,313,111.9951995699813,98.4833349134665,105.2392672417239
802415,"Simpson, Chandler",2025,196,114.37980759427509,96.07348156521826,105.22664457974668
621439,"Buxton, Byron",2024,386,85.90635629447355,124.52270877465074,105.21453253456215
641487,"Crawford, J.P.",2025,397,111.52206687090343,98.86047922796678,105.1912730494351
668804,"Reynolds, Bryan",2024,687,103.39537041003322,106.96821910612682,105.18179475808003
621566,"Olson, Matt",2024,673,103.09633752039,107.21644873424962,105.1563931273198
669701,"Smith, Josh",2024,589,106.42333701706747,103.83086941931356,105.12710321819051
664023,"Happ, Ian",2024,655,109.56674921761453,100.66844940718634,105.11759931240044
663886,"Stephenson, Tyler",2024,510,102.80833189818124,107.35367765752132,105.08100477785128
650490,"Díaz, Yandy",2025,393,110.44815049414247,99.6961798901178,105.07216519213014
518692,"Freeman, Freddie",2025,351,110.29072062285167,99.78763486971839,105.03917774628502
656941,"Schwarber, Kyle",2024,685,103.07278869439683,106.93431255274614,105.00355062357148
669707,"Triolo, Jared",2025,157,114.35252300711643,95.64349887059626,104.99801093885634
669065,"Stowers, Kyle",2024,208,94.49660629695322,115.49373836758758,104.9951723322704
457705,"McCutchen, Andrew",2025,341,109.56274090669851,100.37687783723189,104.9698093719652
677800,"Abreu, Wilyer",2024,442,99.88639740926419,109.95392137117553,104.92015939021985
700250,"Rice, Ben",2025,301,99.51651903694363,110.27876263158767,104.89764083426564
457705,"McCutchen, Andrew",2024,513,108.50226559859175,101.25759249820679,104.87992904839928
669357,"Gorman, Nolan",2025,223,101.74813039484114,108.01143190845733,104.87978115164924
671056,"Herrera, Iván",2025,173,108.42995199263896,101.20271063451038,104.81633131357466
547180,"Harper, Bryce",2024,616,96.7807854439542,112.83434684152985,104.80756614274202
643376,"Jansen, Danny",2025,231,107.75468865770476,101.71057846937742,104.7326335635411
670764,"Walls, Taylor",2025,255,123.28641853619133,86.17622261365423,104.73132057492279
621020,"Swanson, Dansby",2025,396,107.27439862608702,102.17443853758444,104.72441858183572
657077,"Verdugo, Alex",2024,612,113.46170306808911,95.86064435600656,104.66117371204783
686823,"Brennan, Will",2024,348,107.85272099861265,101.39880952441096,104.62576526151182
608348,"Kelly, Carson",2024,310,111.9689688463225,97.1569285918406,104.56294871908155
672640,"Lopez, Otto",2024,432,105.2068598132113,103.89884809959516,104.55285395640323
681481,"Carpenter, Kerry",2025,277,93.51942345191398,115.57161822502181,104.5455208384679
695734,"Lile, Daylen",2025,121,103.55998811710107,105.40565445991864,104.48282128850985
553993,"Suárez, Eugenio",2025,390,95.54008814261931,113.37017047536598,104.45512930899264
669289,"Espinal, Santiago",2024,385,117.62819946712533,91.15011743649353,104.38915845180944
691016,"Soderstrom, Tyler",2024,212,100.74797061858312,107.9784691913765,104.36321990497981
671289,"Freeman, Tyler",2025,186,112.90066196115197,95.59748191623176,104.24907193869186
808982,"Lee, Jung Hoo",2025,383,112.23179848805255,96.26529983147549,104.24854915976402
682663,"Ramírez, Agustín",2025,299,93.93364345422347,114.52533928914467,104.22949137168408
668715,"Steer, Spencer",2025,348,111.32128642237143,97.06854805669005,104.19491723953074
656305,"Chapman, Matt",2025,307,102.73125759064834,105.5529040847211,104.14208083768472
607043,"Nimmo, Brandon",2025,381,109.83990177851229,98.43786323505228,104.13888250678228
543760,"Semien, Marcus",2025,400,108.98736908957137,99.26228154743626,104.12482531850381
701762,"Kurtz, Nick",2025,233,101.05541366757103,107.05824929428351,104.05683148092727
664761,"Bohm, Alec",2024,599,106.19591818665766,101.91162413564605,104.05377116115186
669911,"Toglia, Michael",2024,456,92.3729399225269,115.73170174405813,104.05232083329251
680977,"Donovan, Brendan",2025,384,103.85276627004056,104.23032704873779,104.04154665938918
669720,"Hays, Austin",2024,251,92.54607921117862,115.3624159962051,103.95424760369187
663728,"Raleigh, Cal",2024,622,96.09312009114632,111.7767668364107,103.93494346377851
457759,"Turner, Justin",2025,130,117.96074264493461,89.84676479108703,103.90375371801082
596146,"Kepler, Max",2025,310,101.74596558737602,106.0422074968395,103.89408654210776
669364,"Edwards, Xavier",2024,299,113.36652822812717,94.33852459962019,103.85252641387368
456781,"Solano, Donovan",2024,305,109.00065558406227,98.60347482101079,103.80206520253654
676475,"Burleson, Alec",2024,592,101.29572136779274,106.30810967723849,103.80191552251561
663757,"Grisham, Trent",2024,204,101.97039930066605,105.5655448048718,103.76797205276893
661388,"Contreras, William",2025,385,108.53091512636846,98.99524999855923,103.76308256246384
647304,"Naylor, Josh",2024,620,96.49704391372471,110.98309124564135,103.74006757968303
681297,"Cowser, Colton",2024,559,94.29492373798408,113.15775522949754,103.72633948374082
642715,"Adames, Willy",2024,684,101.79855023649152,105.65087671267008,103.7247134745808
663728,"Raleigh, Cal",2025,404,92.35884429600642,115.0787614091005,103.71880285255347
668715,"Steer, Spencer",2024,649,107.69804827398656,99.72169087161383,103.70986957280019
678246,"Vargas, Miguel",2025,380,116.35052455873203,91.05093099496911,103.70072777685057
666160,"Moniak, Mickey",2024,417,94.47387718462764,112.91692044493624,103.69539881478194
572191,"Taylor, Michael A.",2025,192,96.1757817803028,111.20022677647587,103.68800427838934
664023,"Happ, Ian",2025,400,110.67518117176874,96.61784988692952,103.64651552934913
669222,"Senzel, Nick",2024,265,106.537377159008,100.72718901028199,103.632283084645
666185,"Carlson, Dylan",2025,117,115.95432002205027,91.26153933176772,103.607929676909
641680,"Heim, Jonah",2024,490,111.80477830857072,95.3917603596448,103.59826933410775
681807,"Fry, David",2024,386,99.2558361187927,107.88079976888979,103.56831794384124
620443,"Torrens, Luis",2025,191,106.31239835327457,100.81252722994678,103.56246279161067
670770,"Friedl, TJ",2024,337,110.91866432571717,96.17655905381528,103.54761168976623
596019,"Lindor, Francisco",2025,425,106.32571319049903,100.67303800639024,103.49937559844463
647304,"Naylor, Josh",2025,364,101.78188067510393,105.18823587044336,103.48505827277364
605137,"Bell, Josh",2024,599,106.5008641283131,100.40496913931106,103.45291663381208
650490,"Díaz, Yandy",2024,618,110.51427191202252,96.35453042588212,103.43440116895232
641343,"Bauers, Jake",2024,342,111.47769135279275,95.35386961164699,103.41578048221987
502054,"Pham, Tommy",2024,477,107.84157728150018,98.96303061328761,103.4023039473939
664774,"Wade Jr., LaMonte",2024,393,112.81449025239169,93.95150907139559,103.38299966189365
687462,"Horwitz, Spencer",2024,378,108.46803765395467,98.17591839278175,103.32197802336822
670623,"Paredes, Isaac",2025,400,107.7431937864412,98.90020922103623,103.32170150373872
702616,"Holliday, Jackson",2025,369,104.9668809412552,101.61190123766961,103.28939108946241
671213,"Casas, Triston",2025,110,105.73047093945193,100.82439299076401,103.27743196510798
650402,"Torres, Gleyber",2024,658,113.44986143586347,93.09304924478559,103.27145534032454
646240,"Devers, Rafael",2024,585,99.68384457298428,106.72208380279389,103.20296418788908
700932,"Manzardo, Kyle",2025,299,99.8443850681083,106.55427463253908,103.19932985032369
500743,"Rojas, Miguel",2025,134,104.09690560773906,102.28841785968234,103.19266173371071
805367,"Meidroth, Chase",2025,292,107.51526073806741,98.65741851512527,103.08633962659634
696100,"Goodman, Hunter",2024,222,87.85185141577726,118.28174892769296,103.06680017173511
605204,"Davis, J.D.",2024,156,112.87001861880378,93.24331667460861,103.05666764670619
663837,"Vierling, Matt",2024,561,105.58723053417833,100.47122266409966,103.029226599139
670623,"Paredes, Isaac",2024,637,109.51733703265855,96.53460465582572,103.02597084424212
607208,"Turner, Trea",2025,421,98.5499884629075,107.4952826657186,103.02263556431305
671056,"Herrera, Iván",2024,258,98.81079232391706,107.22837235655673,103.0195823402369
669477,"Schmitt, Casey",2025,133,94.88341712863749,111.14872867137095,103.01607290000422
669003,"Mitchell, Garrett",2024,218,98.2169383297828,107.76387925282762,102.99040879130521
678882,"Rafaela, Ceddanne",2025,336,100.7170614887772,105.20693189134343,102.96199669006032
641584,"Fraley, Jake",2025,144,110.14371680855172,95.75860021740102,102.95115851297638
605131,"Barnes, Austin",2024,153,109.38466098554181,96.42101365908208,102.90283732231194
641645,"Guillorme, Luis",2024,185,115.19125004632876,90.59089186145216,102.89107095389046
665506,"Pache, Cristian",2024,180,108.10941315070336,97.57075832534849,102.84008573802592
678009,"Meadows, Parker",2024,295,105.20883064007536,100.30162552200449,102.75522808103992
641943,"Palacios, Joshua",2025,143,106.80435332088864,98.70448313441639,102.75441822765251
668930,"Turang, Brice",2025,387,106.86605411881145,98.6368220197999,102.75143806930566
572233,"Walker, Christian",2025,375,102.516533727858,102.94787631833884,102.73220502309843
645277,"Albies, Ozzie",2024,434,110.33105224575424,95.10215432914853,102.71660328745139
690022,"Ritter, Ryan",2025,104,98.15209541228457,107.16835061371351,102.66022301299904
667670,"Rooker, Brent",2024,608,82.46349640445746,122.8375110895186,102.65050374698802
669701,"Smith, Josh",2025,333,106.30441864575563,98.99278382139069,102.64860123357316
667472,"Myers, Dane",2025,215,106.01467389388577,99.2773050651732,102.64598947952948
694384,"Schanuel, Nolan",2024,602,105.3299900289689,99.90637815082374,102.61818408989632
656716,"McKinstry, Zach",2024,323,106.94762671429469,98.2809700556937,102.61429838499419
666152,"Hamilton, David",2024,315,101.79125186532062,103.35038340007213,102.57081763269638
686469,"Pasquantino, Vinnie",2024,550,101.41820769899473,103.68603961217536,102.55212365558505
678246,"Vargas, Miguel",2024,236,118.72845671148445,86.35681173566769,102.54263422357607
641355,"Bellinger, Cody",2025,370,103.80274555029654,101.21052844330544,102.50663699680098
686611,"Crews, Dylan",2025,171,95.57499716688147,109.36706529167569,102.47103122927858
701305,"Dezenzo, Zach",2025,109,92.3237378942228,112.56605202048817,102.44489495735549
671218,"Ramos, Heliot",2024,510,99.84628730968461,105.02213143238399,102.4342093710343
658668,"Olivares, Edward",2024,196,101.6597459122571,103.17443876941657,102.41709234083683
649966,"Urías, Luis",2025,258,109.98967873207997,94.83167493675491,102.41067683441744
663993,"Lowe, Nathaniel",2024,562,109.80979131734719,95.00783072692786,102.40881102213753
518934,"LeMahieu, DJ",2024,226,110.77033219715779,93.93272398850264,102.35152809283022
694192,"Chourio, Jackson",2025,422,90.87139268155647,113.75290993972153,102.312151310639
605170,"Caratini, Victor",2024,271,105.8158817594656,98.7592554756723,102.28756861756895
808982,"Lee, Jung Hoo",2024,156,108.70505766864238,95.81169866232612,102.25837816548426
502110,"Martinez, J.D.",2024,494,94.18204782326778,110.31648664135602,102.2492672323119
645302,"Robles, Victor",2024,288,103.22456247635513,101.12914261669454,102.17685254652483
672695,"Perdomo, Geraldo",2024,381,107.3497254677975,96.83564144012726,102.09268345396238
681082,"Stott, Bryson",2024,566,106.19158740301002,97.93988381945462,102.06573561123233
662139,"Varsho, Daulton",2024,509,107.13697750485228,96.96270808313868,102.04984279399548
602104,"Urías, Ramón",2025,250,111.34529702409003,92.73979407971628,102.04254555190315
683737,"Busch, Michael",2024,561,98.80693714839975,105.2757511774114,102.04134416290557
669004,"Melendez, MJ",2024,447,105.22883903914143,98.78296217820305,102.00590060867225
664770,"Lukes, Nathan",2025,205,103.39263014453856,100.61558823634772,102.00410919044313
691026,"Winn, Masyn",2025,356,110.7087934815801,93.29009395473656,101.99944371815833
665966,"Narváez, Carlos",2025,280,104.59688960977746,99.32171340999281,101.95930150988514
593160,"Merrifield, Whit",2024,326,117.58448230626873,86.32428928144795,101.95438579385834
547180,"Harper, Bryce",2025,300,89.80781119336599,114.05491691204296,101.93136405270448
664238,"Moore, Dylan",2024,437,118.91868202096106,84.93809745848064,101.92838973972084
553993,"Suárez, Eugenio",2024,637,88.36716866793564,115.40823467465931,101.88770167129748
593428,"Bogaerts, Xander",2024,461,106.95243355730547,96.74313379647987,101.84778367689267
645277,"Albies, Ozzie",2025,403,107.87043818997456,95.79533349861411,101.83288584429434
669289,"Espinal, Santiago",2025,271,115.22794650857644,88.43395497371483,101.83095074114564
683146,"Baty, Brett",2025,241,98.50076235586917,105.1469652667465,101.82386381130783
665926,"Giménez, Andrés",2024,629,111.60036137839124,91.99679019843506,101.79857578841316
607043,"Nimmo, Brandon",2024,657,106.37535642888835,97.21839933386276,101.79687788137556
605170,"Caratini, Victor",2025,237,105.02833100136773,98.56085496575537,101.79459298356156
677942,"Alexander, Blaze",2024,183,102.62998637203741,100.94774103088,101.7888637014587
682985,"Greene, Riley",2025,395,95.72457676644466,107.8521634717313,101.78837011908797
650333,"Arraez, Luis",2024,663,111.83711560691813,91.6969433074151,101.76702945716661
457759,"Turner, Justin",2024,537,108.77384990985627,94.75516910481801,101.76450950733714
671732,"Butler, Lawrence",2025,403,96.89456734473586,106.60271984267968,101.74864359370777
678662,"Tovar, Ezequiel",2024,687,85.63539106254427,117.7753579272318,101.70537449488803
676694,"Meyers, Jake",2025,317,102.07609140363162,101.31722351828842,101.69665746096001
669364,"Edwards, Xavier",2025,352,105.69273550760359,97.69273797392049,101.69273674076203
593428,"Bogaerts, Xander",2025,372,106.96905093223779,96.27702035497897,101.62303564360838
663624,"Mountcastle, Ryan",2024,505,91.21936047874885,112.02503691311713,101.622198695933
691718,"Crow-Armstrong, Pete",2025,390,92.49115559442272,110.74530792007735,101.61823175725004
683011,"Volpe, Anthony",2025,382,112.19904338982639,90.955627769291,101.57733557955869
672515,"Moreno, Gabriel",2025,188,105.10935636842592,97.96410632703723,101.53673134773157
690993,"Keith, Colt",2024,550,98.22558682584535,104.84717936340566,101.5363830946255
694192,"Chourio, Jackson",2024,561,93.55175042591982,109.46229184143459,101.5070211336772
671732,"Butler, Lawrence",2024,447,95.17443850763719,107.8301866670533,101.50231258734524
665839,"Valdez, Enmanuel",2025,102,103.03155214598374,99.95770312852594,101.49462763725484
687363,"Scott II, Victor",2025,315,105.27927459043711,97.69736918584988,101.4883218881435
696100,"Goodman, Hunter",2025,341,87.55143352133167,115.38559838194519,101.46851595163844
696285,"Young, Jacob",2025,216,109.4312738210065,93.44739069792607,101.43933225946628
686681,"Massey, Michael",2024,352,103.84848498429949,99.00394810440956,101.42621654435453
573262,"Yastrzemski, Mike",2024,469,105.76619327075144,97.02438524146578,101.39528925610861
656541,"Hilliard, Sam",2024,152,88.63347453423827,114.13396143717472,101.3837179857065
656555,"Hoskins, Rhys",2024,514,106.63655762046186,96.04125876057256,101.3389081905172
643565,"Tauchman, Mike",2025,183,102.38817697460361,100.28000729207574,101.33409213333968
592206,"Castellanos, Nick",2024,655,92.99952376445925,109.61247270009035,101.3059982322748
669357,"Gorman, Nolan",2024,399,96.59203400749792,105.97377770404063,101.28290585576927
693304,"Gonzales, Nick",2024,382,104.49481597759785,98.06851498015827,101.28166547887807
570482,"Urshela, Gio",2024,454,104.26515934046408,98.2579586943734,101.26155901741873
642731,"Estrada, Thairo",2025,123,104.95167484759425,97.5652540232848,101.25846443543952
691016,"Soderstrom, Tyler",2025,393,91.38869341878686,111.09648829525236,101.24259085701961
656775,"Mullins, Cedric",2025,308,103.5319788491989,98.9158491961511,101.22391402267499
669234,"Malloy, Justyn-Henry",2025,118,106.93259380608623,95.45431115610532,101.19345248109578
516782,"Marte, Starling",2024,365,100.94931165256715,101.33243675212128,101.14087420234421
678009,"Meadows, Parker",2025,118,107.1181151614367,95.01783489595867,101.06797502869769
628451,"Ibáñez, Andy",2025,103,107.97500159890815,94.13714732590911,101.05607446240863
677588,"Tena, José",2025,150,103.51586316696938,98.57557215049168,101.04571765873052
668930,"Turang, Brice",2024,606,105.76112894524543,96.32853586316679,101.04483240420612
663697,"India, Jonathan",2025,384,107.14648957833806,94.92323330883323,101.03486144358564
624413,"Alonso, Pete",2025,418,102.55909713890154,99.50152351720439,101.03031032805296
666158,"Lux, Gavin",2024,480,102.48912579228403,99.56832898758846,101.02872738993625
622534,"Margot, Manuel",2024,338,106.08793170451817,95.96160963596384,101.024770670241
607732,"Stallings, Jacob",2024,277,101.04862146268441,100.987417438329,101.0180194505067
668939,"Rutschman, Adley",2024,633,104.4316145619164,97.58702219592473,101.00931837892057
695578,"Wood, James",2025,409,94.93337754652926,107.04132909430274,100.98735332041599
666181,"Benson, Will",2024,387,104.15587404002422,97.72687790890505,100.94137597446463
502671,"Goldschmidt, Paul",2025,359,107.86601591677343,94.01579144091937,100.94090367884641
678877,"Noel, Jhonkensy",2025,111,75.94553616582886,125.8540326165103,100.89978439116958
669304,"Miranda, Jose",2024,428,93.76755029589921,108.0238320889467,100.89569119242296
592192,"Canha, Mark",2024,459,111.21625489211479,90.56544145654414,100.89084817432946
622761,"Mateo, Jorge",2024,204,102.98173149266762,98.76354901529525,100.87264025398144
543685,"Rendon, Anthony",2024,236,114.15313643408517,87.54568961319704,100.8494130236411
702284,"Young, Cole",2025,127,98.8175332734348,102.85594660639013,100.83673993991246
669221,"Murphy, Sean",2024,261,96.34836022826349,105.31025775035963,100.82930898931156
686681,"Massey, Michael",2025,207,107.41164121112502,94.22888754071882,100.82026437592191
682177,"Schneemann, Daniel",2025,236,94.77534804087612,106.79792282510064,100.78663543298839
650489,"Castro, Willi",2024,631,96.16949955990397,105.40212030823662,100.7858099340703
668901,"Vientos, Mark",2025,253,96.93309489352792,104.55289324378852,100.74299406865822
666149,"Fitzgerald, Tyler",2024,337,94.0775834831345,107.40528926748776,100.74143637531114
607208,"Turner, Trea",2024,536,96.1126833126961,105.29278098799486,100.70273215034548
608336,"Gallo, Joey",2024,259,102.16656291532263,99.15811679164494,100.66233985348379
670032,"Lopez, Nicky",2024,438,114.8230637401225,86.47471876748159,100.64889125380205
663853,"Gonzalez, Romy",2025,152,88.91562923011719,112.36251611072943,100.6390726704233
663368,"Perkins, Blake",2024,431,105.03759796395707,96.23685931894947,100.63722864145328
656976,"Smith, Pavin",2025,263,96.04853996269539,105.20202433608905,100.62528214939222
593871,"Polanco, Jorge",2024,465,95.90608860922823,105.31260972335147,100.60934916628986
666971,"Gurriel Jr., Lourdes",2024,552,99.50186214966563,101.66322901041724,100.58254558004143
592885,"Yelich, Christian",2025,380,95.68998403567137,105.34992415506031,100.51995409536585
641355,"Bellinger, Cody",2024,561,100.67050591649758,100.35161700140037,100.51106145894897
676475,"Burleson, Alec",2025,311,98.6015618192216,102.3490474753979,100.47530464730974
694374,"Tawa, Tim",2025,171,97.44486339613404,103.49478119495242,100.46982229554322
680776,"Duran, Jarren",2025,433,99.56196300364051,101.35030209392662,100.45613254878356
643289,"Dubón, Mauricio",2024,420,102.41661463311947,98.4486115168009,100.43261307496019
467793,"Santana, Carlos",2024,590,108.83937085041654,92.01711748571451,100.42824416806553
650859,"Rengifo, Luis",2024,303,104.45735965608054,96.38574457394651,100.42155211501353
641680,"Heim, Jonah",2025,278,108.80245122044388,92.01913597616777,100.41079359830583
664983,"McCarthy, Jake",2025,101,106.07226251217726,94.6541299417649,100.36319622697107
682985,"Greene, Riley",2024,576,96.55672413984556,104.12480845025347,100.34076629504952
668942,"Rojas, Josh",2024,471,109.30306125308886,91.28422052504682,100.29364088906783
663538,"Hoerner, Nico",2024,639,105.63772720043451,94.94260333535703,100.29016526789577
672386,"Kirk, Alejandro",2024,383,106.8424446113793,93.66631657212108,100.25438059175019
669261,"Suwinski, Jack",2024,272,109.79974292952467,90.63594436358407,100.21784364655437
680474,"Schuemann, Max",2024,452,104.93358090405174,95.4733979717883,100.20348943792001
650559,"De La Cruz, Bryan",2024,619,96.68296798811019,103.70299428693535,100.19298113752276
641857,"McMahon, Ryan",2025,373,103.1278601043924,97.25303944758322,100.19044977598782
657656,"Laureano, Ramón",2024,308,92.37777355317523,107.97781617760427,100.17779486538976
671221,"Waters, Drew",2025,216,100.31209501965975,100.03592893481084,100.1740119772353
606115,"Arcia, Orlando",2025,121,100.98293112921888,99.32145253899775,100.15219183410832
624428,"Frazier, Adam",2024,291,112.8897483088764,87.37626138182856,100.13300484535247
808975,"Kim, Hyeseong",2025,117,100.88110680574849,99.3048599409449,100.0929833733467
453568,"Blackmon, Charlie",2024,495,104.47166312166273,95.70525811970396,100.08846062068335
681624,"Pages, Andy",2025,375,92.05010201621722,108.08495200270708,100.06752700946215
681351,"O'Hoppe, Logan",2024,520,96.67539349617385,103.42461600939836,100.05000475278611
677587,"Rocchio, Brayan",2024,438,106.05109443852345,94.00243704868721,100.02676574360532
681082,"Stott, Bryson",2025,345,109.10509833135133,90.92802445432187,100.01656139283659
680718,"Barger, Addison",2025,258,94.71135866852327,105.31454661977435,100.01295264414881
543309,"Higashioka, Kyle",2025,173,101.63937979985246,98.3778646187029,100.00862220927769
677870,"Jiménez, Leo",2024,208,97.94088296874703,102.00550883330229,99.97319590102467
642180,"Wade, Tyler",2025,117,111.07505387819491,88.76458388507656,99.91981888163573
678662,"Tovar, Ezequiel",2025,136,95.73374747246358,104.0953262441593,99.91453685831144
663624,"Mountcastle, Ryan",2025,199,91.71659416648407,108.08140538579768,99.89899977614087
663662,"Cameron, Daz",2024,184,101.83344593751814,97.96102457222773,99.89723525487292
666971,"Gurriel Jr., Lourdes",2025,382,101.04770234106725,98.68602715373434,99.8668647474008
664034,"France, Ty",2024,535,108.7748921269702,90.93003291571576,99.85246252134297
596103,"Slater, Austin",2025,107,99.68443378347528,99.8936059907573,99.7890198871163
666139,"Lowe, Josh",2024,382,98.7019510470312,100.81060950180154,99.75628027441637
682626,"Alvarez, Francisco",2025,137,99.57655425720468,99.8511730549354,99.71386365607003
686469,"Pasquantino, Vinnie",2025,400,94.24381946060522,105.15596974672047,99.69989460366284
641343,"Bauers, Jake",2025,146,103.80005009902305,95.47646976033343,99.63825992967824
656582,"Joe, Connor",2024,414,107.4438025455824,91.77762981091206,99.61071617824723
643289,"Dubón, Mauricio",2025,210,102.72705015480261,96.36514834887083,99.54609925183672
682622,"Marte, Noelvi",2025,101,92.95147207457065,106.03784366788456,99.4946578712276
686217,"Frelick, Sal",2025,379,103.55913344138685,95.39269974153218,99.47591659145951
606115,"Arcia, Orlando",2024,596,103.97275131663085,94.97164283861918,99.47219707762501
686668,"Doyle, Brenton",2024,597,97.15265368613876,101.7302630817384,99.44145838393858
676914,"Schneider, Davis",2024,450,102.86758837725333,95.9879713468156,99.42777986203447
673237,"Diaz, Yainer",2024,616,89.20978631571371,109.62578901083967,99.4177876632767
668901,"Vientos, Mark",2024,450,91.68879256289082,107.12463441116685,99.40671348702884
669221,"Murphy, Sean",2025,223,93.62343009324323,105.12339956055685,99.37341482690005
657077,"Verdugo, Alex",2025,212,101.12015977989702,97.61564619833462,99.36790298911582
502054,"Pham, Tommy",2025,231,105.82925964445829,92.87390426398937,99.35158195422383
671218,"Ramos, Heliot",2025,408,98.7131879666946,99.92926584784728,99.32122690727094
678882,"Rafaela, Ceddanne",2024,565,86.06200760813961,112.56143322394755,99.31172041604358
572761,"Carpenter, Matt",2024,154,100.81490663307224,97.78178059956942,99.29834361632084
572191,"Taylor, Michael A.",2024,294,96.91701372061951,101.65468052800729,99.28584712431339
660644,"Bruján, Vidal",2024,272,109.01843676971535,89.5213967065198,99.26991673811757
687597,"Beck, Jordan",2025,335,92.31167110643446,106.07541005444565,99.19354058044006
592626,"Pederson, Joc",2025,145,101.09160037268852,97.14205255401293,99.11682646335072
666023,"Fermin, Freddy",2025,177,101.53623206614593,96.63893916673325,99.08758561643958
665828,"Cabrera, Oswaldo",2024,320,103.99745858955116,94.02396962735213,99.01071410845165
669134,"Campusano, Luis",2024,294,103.29946486892105,94.68923205264291,98.99434846078198
679845,"Loftin, Nick",2025,103,112.70762023051708,85.18212511067254,98.9448726705948
553869,"Díaz, Elias",2024,347,100.65734182685408,97.20605971210782,98.93170076948095
600869,"Candelario, Jeimer",2024,459,98.0537245958469,99.75198670831813,98.90285565208251
669224,"Wells, Austin",2025,289,95.9480850169869,101.75206391845738,98.85007446772214
669394,"Burger, Jake",2024,575,90.06210529270658,107.57488094840856,98.81849312055758
681393,"Norby, Connor",2025,271,99.25224373081475,98.35137181466952,98.80180777274214
681146,"Bride, Jonah",2024,271,99.65092339880727,97.9236243524798,98.78727387564354
669707,"Triolo, Jared",2024,445,105.5381901031959,92.01254893980432,98.77536952150011
592626,"Pederson, Joc",2024,442,93.24467007988855,104.16685788733096,98.70576398360976
621493,"Ward, Taylor",2025,405,94.57486212303466,102.78442912400305,98.67964562351887
805779,"Wilson, Jacob",2025,361,106.80461398328288,90.52890011246308,98.66675704787298
683734,"Vaughn, Andrew",2025,208,98.46538323259314,98.84434115682198,98.65486219470756
693307,"Dingler, Dillon",2025,265,101.2252060490296,96.0175460463162,98.6213760476729
665750,"Taveras, Leody",2024,522,97.95093764464143,99.25382995456785,98.60238379960464
641487,"Crawford, J.P.",2024,447,112.56945675238141,84.56054341161543,98.56500008199842
668832,"McCann, Kyle",2024,154,104.95577366620472,92.12478634498352,98.54028000559413
672275,"Bailey, Patrick",2024,443,100.7808560305549,96.24615923070328,98.51350763062909
671213,"Casas, Triston",2024,238,91.2940556509942,105.69872184521871,98.49638874810645
666149,"Fitzgerald, Tyler",2025,215,93.74670892235874,103.23346621863985,98.4900875704993
516782,"Marte, Starling",2025,186,98.66753992147584,98.29865356071927,98.48309674109755
679529,"Torkelson, Spencer",2024,379,104.85496465743805,92.0968929971629,98.47592882730046
696285,"Young, Jacob",2024,508,101.44584095120813,95.46007866136928,98.4529598062887
669016,"Marsh, Brandon",2025,221,94.59659456521317,102.29484919654982,98.445721880881493
682729,"Clase, Jonatan",2025,108,88.50511368195095,108.38533845746099,98.44522606970597
669397,"Allen, Nick",2025,276,110.86146225468575,86.01868702925599,98.44007464197087
596103,"Slater, Austin",2024,210,105.86491486560297,91.00652344120797,98.43571915340547
807713,"Shaw, Matt",2025,229,105.4134976316966,91.33745374757846,98.37547568963754
664774,"Wade Jr., LaMonte",2025,217,110.19207778259994,86.54446547887927,98.3682716307396
665828,"Cabrera, Oswaldo",2025,120,104.53611290905114,92.1445314212886,98.34032216516988
518792,"Heyward, Jason",2024,253,107.52208059887778,89.10896797803684,98.31552428845731
664983,"McCarthy, Jake",2024,486,100.6341269458948,95.9665052253866,98.3003160856407
592663,"Realmuto, J.T.",2024,411,90.40685430710373,106.15552731466683,98.28119081088528
666023,"Fermin, Freddy",2024,364,101.87937563410803,94.65989124584567,98.26963343997684
666185,"Carlson, Dylan",2024,265,104.32783077762906,92.20870248361064,98.26826663061985
678554,"Mead, Curtis",2025,127,96.77655914742759,99.74098148606092,98.25877031674426
691594,"Sanoja, Javier",2025,191,102.83054290160015,93.63194168934942,98.23124229547479
666158,"Lux, Gavin",2025,308,99.5727561734178,96.87149348422737,98.22212482882259
518934,"LeMahieu, DJ",2025,140,99.84233620024844,96.59856331322517,98.2204497567368
664913,"Brown, Seth",2024,397,91.56545462524926,104.83047512723421,98.19796487624174
677594,"Rodríguez, Julio",2025,427,95.92918926708846,100.43697030125126,98.18307978416986
571745,"Haniger, Mitch",2024,422,106.58832388544076,89.71521753238395,98.15177070891235
683002,"Henderson, Gunnar",2025,362,97.45263366962833,98.81158911074057,98.13211139018445
660821,"Sánchez, Jesús",2025,290,94.81169817469055,101.43937473637598,98.12553645553326
672580,"Garcia, Maikel",2025,383,100.97585268771579,95.26666339508148,98.12125804139863
666139,"Lowe, Josh",2025,206,96.82315189281658,99.40630062083673,98.11472625682666
642086,"Smith, Dominic",2024,306,99.55692747933065,96.58999493369514,98.07346120651289
624428,"Frazier, Adam",2025,259,112.34543251498235,83.7712899631126,98.05836123904747
456781,"Solano, Donovan",2025,150,107.22982066188644,88.76058986922386,97.99520526555514
695578,"Wood, James",2024,334,87.76861190318168,108.20920661180513,97.9889092574934
683734,"Vaughn, Andrew",2024,618,95.00690690435869,100.94222520054214,97.97456605245041
571771,"Hernández, Enrique",2025,181,100.42814162758499,95.46804625260505,97.94809394009502
671739,"Harris II, Michael",2024,465,95.72973196736272,100.15068793329189,97.9402099503273
575929,"Contreras, Willson",2024,355,95.97401705893758,99.8329572684411,97.90348716368933
666182,"Bichette, Bo",2024,331,93.00093386759295,102.79868606688943,97.8998099672412
677347,"Paris, Kyren",2025,138,92.67721711503353,103.10357766353756,97.89039738928554
665926,"Giménez, Andrés",2025,235,108.56565671039482,87.14493145164903,97.85529408102192
680869,"Gelof, Zack",2024,541,100.33630810517872,95.11948941213174,97.72789875865523
642715,"Adames, Willy",2025,404,99.53193871701812,95.86079046078305,97.6963645889006
676572,"Wagaman, Eric",2025,348,94.89772975524221,100.46586842199874,97.68179908862047
608841,"Meneses, Joey",2024,311,104.11486696157671,91.24053284113276,97.67769990135474
665839,"Valdez, Enmanuel",2024,220,95.75814320262685,99.59024806004756,97.6741956313372
691406,"Caminero, Junior",2025,380,88.17345229538623,107.12953207883247,97.65149218710934
666182,"Bichette, Bo",2025,415,95.7329217503938,99.47899995772808,97.60596085406094
621028,"Newman, Kevin",2024,304,99.99808783077783,95.18657022225806,97.59232902651794
664702,"Straw, Myles",2025,181,101.92266646029798,93.22414654942122,97.5734065048596
681351,"O'Hoppe, Logan",2025,296,91.58631729394264,103.46244330120382,97.52438029757323
467793,"Santana, Carlos",2025,358,104.52087933028795,90.4969976233541,97.50893847682103
683011,"Volpe, Anthony",2024,681,104.6608924750831,90.3212837434244,97.49108810925375
663538,"Hoerner, Nico",2025,373,101.95256078276284,92.99951978763816,97.4760402852005
664761,"Bohm, Alec",2025,377,99.94201685646897,94.96195107810922,97.4519839672891
543877,"Vázquez, Christian",2025,160,109.87312552103907,85.00324493229957,97.43818522666932
671277,"García Jr., Luis",2024,524,88.95895895523608,105.87236713902433,97.41566304713021
657757,"Sheets, Gavin",2025,346,98.22122675995196,96.59117594806759,97.40620135400977
657136,"Wong, Connor",2024,482,97.69042671029037,96.99616355401785,97.34329513215411
571912,"Maile, Luke",2024,151,108.67066239860728,86.00505033915466,97.33785636888098
668227,"Arozarena, Randy",2025,410,94.08356586210479,100.5466475230751,97.31510669258995
663616,"Larnach, Trevor",2025,366,94.35074521344337,100.2419322496041,97.29633873152375
527038,"Flores, Wilmer",2024,240,105.3386565584623,89.20760009391628,97.2731283261893
543257,"Grossman, Robbie",2024,245,100.65822253127972,93.80250370484282,97.23036311806126
621043,"Correa, Carlos",2024,363,94.00153239509436,100.42679043458277,97.21416141483857
701538,"Merrill, Jackson",2025,269,90.41754402675693,103.94032765490364,97.17893584083029
656896,"Rivera, Emmanuel",2024,300,96.72186623624268,97.60854997461648,97.16520810542957
624503,"Gordon, Nick",2024,273,94.84149287940592,99.46323641896682,97.15236464918637
650333,"Arraez, Luis",2025,384,111.6884782466339,82.61271467115003,97.15059645889197
677008,"Kjerstad, Heston",2025,167,89.82148839654224,104.47846548785675,97.14997694219949
656305,"Chapman, Matt",2024,638,102.51955269462286,91.75287361044296,97.13621315253292
687263,"Neto, Zach",2025,326,86.49240051899999,107.77125259877963,97.1318265588898
543309,"Higashioka, Kyle",2024,260,88.22256733922066,106.03914368298865,97.13085551110466
573262,"Yastrzemski, Mike",2025,330,102.80827666408479,91.45190803989891,97.13009235199185
682928,"Abrams, CJ",2024,596,94.71751736792407,99.53701675727586,97.12726706259997
669911,"Toglia, Michael",2025,301,91.72343404838625,102.4561039124833,97.08976898043477
671277,"García Jr., Luis",2025,325,92.10414046606384,101.93605211408907,97.02009629007645
592663,"Realmuto, J.T.",2025,322,92.3353626454589,101.66640637785392,97.00088451165641
672284,"Kelenic, Jarred",2024,446,90.67239636473379,103.28031638359369,96.97635637416374
680574,"McLain, Matt",2025,350,99.11188626752131,94.80268033269118,96.95728330010624
672761,"Pérez, Wenceel",2025,141,100.7689432416691,93.14446340898203,96.95670332532558
672761,"Pérez, Wenceel",2024,418,97.07839509425581,96.7271333429573,96.90276421860656
676801,"McCormick, Chas",2024,265,102.74971174379351,90.99323643584977,96.87147408982165
682998,"Carroll, Corbin",2024,677,96.1417984936691,97.52446963435078,96.83313406400994
694671,"Langford, Wyatt",2024,551,99.61080450119167,93.94088127979302,96.77584289049234
571448,"Arenado, Nolan",2025,340,99.33102254825543,94.21748862932431,96.77425558878987
668942,"Rojas, Josh",2025,173,106.72681411931238,86.68707665260963,96.706945385961
666152,"Hamilton, David",2025,131,93.12592743412867,100.21266721902177,96.66929732657522
571448,"Arenado, Nolan",2024,631,97.73777333972097,95.55365828228645,96.64571581100371
680779,"Davis, Henry",2025,145,101.94418734853298,91.31397498056609,96.62908116454953
605361,"Martini, Nick",2024,162,98.20269025941448,95.05529268381888,96.62899147161667
669242,"Edman, Tommy",2025,288,93.56447163314466,99.67320287276382,96.61883725295425
664034,"France, Ty",2025,350,100.9120523525062,92.30854477875552,96.61029856563086
624641,"Sosa, Edmundo",2024,270,83.13710830806627,109.99425078726595,96.56567954766612
669242,"Edman, Tommy",2024,152,97.65935786722962,95.39220701096065,96.52578243909514
641933,"O'Neill, Tyler",2025,117,101.71522327913003,91.2475338037778,96.48137854145392
676369,"Velázquez, Nelson",2024,229,96.79095503366644,96.14916794052841,96.47006148709742
628451,"Ibáñez, Andy",2024,243,100.9362249864707,91.98103890518945,96.45863194583008
691026,"Winn, Masyn",2024,628,102.93247130006942,89.95691529374275,96.44469329690608
669234,"Malloy, Justyn-Henry",2024,230,101.57671540989922,91.20567048766509,96.39119294878216
694671,"Langford, Wyatt",2025,327,92.65262846831877,100.03942994990918,96.34602920911396
676694,"Meyers, Jake",2024,504,93.61552214722772,99.05118407486367,96.3333531110457
624424,"Conforto, Michael",2024,485,98.26458566835628,94.37488054668015,96.3197331075182
624585,"Soler, Jorge",2025,300,94.21654393378472,98.33797929361985,96.27726161370228
669016,"Marsh, Brandon",2024,475,91.21665364924591,101.29544467692783,96.25604916308687
666397,"Julien, Edouard",2025,104,97.31429170996995,95.06059435046787,96.1874430302189
666176,"Adell, Jo",2024,447,91.65695016013574,100.48584469486012,96.07139742749793
670764,"Walls, Taylor",2024,252,110.12738916763294,81.98955432206098,96.05847174484697
683146,"Baty, Brett",2024,169,91.18664702424817,100.86551486401045,96.02608094412932
668670,"Rogers, Jake",2024,334,95.40893820818282,96.62991082697248,96.01942451757765
666176,"Adell, Jo",2025,325,89.85744955084188,102.15842211313118,96.00793583198653
677594,"Rodríguez, Julio",2024,612,89.2775770818414,102.70101372491708,95.98929540337923
672356,"Arias, Gabriel",2025,280,98.23882169406005,93.73171577560295,95.9852687348315
669127,"Langeliers, Shea",2025,265,93.99597689989452,97.70331209969598,95.84964449979525
673357,"Robert Jr., Luis",2025,300,92.72934636490848,98.92752334452558,95.82843485471703
682626,"Alvarez, Francisco",2024,339,95.19551143148233,96.41330947226236,95.80441045187234
502671,"Goldschmidt, Paul",2024,650,95.42139093572649,96.12473327745263,95.77306210658956
672744,"Canario, Alexander",2025,162,94.40937496366139,97.08742399949324,95.74839948157731
641857,"McMahon, Ryan",2024,637,95.87917984841123,95.57311114387522,95.72614549614323
687597,"Beck, Jordan",2024,183,84.52086236952566,106.85402432526126,95.68744334739347
666160,"Moniak, Mickey",2025,247,81.67815204022031,109.64569319262912,95.66192261642472
680777,"Jeffers, Ryan",2025,283,92.75360375172588,98.51743385083131,95.6355188012786
670541,"Alvarez, Yordan",2024,617,90.91866273850488,100.20587431173823,95.56226852512155
666310,"Naylor, Bo",2025,243,102.81416542020591,88.29156478600991,95.5528651031079
667452,"Julks, Corey",2024,189,107.23299751845697,83.81032846271023,95.5216629905836
665161,"Peña, Jeremy",2025,347,90.88767762553606,100.08335973155062,95.48551867854334
681297,"Cowser, Colton",2025,145,89.81821676448567,101.10339713669755,95.4608069505916
624424,"Conforto, Michael",2025,303,99.68912979501152,91.15530130199423,95.42221554850288
527038,"Flores, Wilmer",2025,345,104.2770283622403,86.37017025283535,95.32359930753782
663457,"Nootbaar, Lars",2025,382,100.52668587495383,90.08955772202997,95.3081217984919
660821,"Sánchez, Jesús",2024,532,87.9742068376917,102.63894488732203,95.30657586250686
702616,"Holliday, Jackson",2024,207,94.77566541875102,95.72710952647508,95.25138747261305
663743,"Fortes, Nick",2024,326,103.48605803260918,86.74549953865503,95.1157787856321
647351,"Toro, Abraham",2024,360,98.22648319213283,91.94821710307865,95.08735014760575
664238,"Moore, Dylan",2025,185,106.67550538040693,83.34940122550744,95.01245330295718
686668,"Doyle, Brenton",2025,329,92.4343862682712,97.49827473050883,94.96633049939001
595909,"Cave, Jake",2024,342,91.86664204923106,97.81746881950748,94.84205543436927
672820,"Sosa, Lenyn",2024,365,88.68928896020049,100.95880468920215,94.82404682470133
605361,"Martini, Nick",2025,109,98.72421113593762,90.8857086730356,94.80495990448661
663898,"Rodgers, Brendan",2024,535,90.24699822896989,99.35693596935245,94.80196709916117
672580,"Garcia, Maikel",2024,622,100.34700628317269,89.24757557946657,94.79729093131962
608671,"Jankowski, Travis",2024,207,108.15122463019873,81.42416549986778,94.78769506503326
592192,"Canha, Mark",2025,125,101.80840536588092,87.75450583750272,94.78145560169182
687263,"Neto, Zach",2024,596,86.88503350844302,102.61073407691953,94.74788379268128
676391,"Clement, Ernie",2024,447,98.456384271343,90.88344903135284,94.66991665134792
592206,"Castellanos, Nick",2025,388,84.7082225670944,104.57607502929466,94.64214879819453
605113,"Ahmed, Nick",2024,224,98.64228880950003,90.59495302587247,94.61862091768626
519203,"Rizzo, Anthony",2024,373,96.63216712153239,92.59172156015507,94.61194434084373
673357,"Robert Jr., Luis",2024,422,89.02511331992605,100.16734546393157,94.5962293919288
660688,"Ruiz, Keibert",2025,266,104.64903969578283,84.50148457060129,94.57526213319207
607732,"Stallings, Jacob",2025,114,99.46914507358596,89.67356377723732,94.57135442541164
578428,"Iglesias, Jose",2024,288,96.47128331969199,92.45690959541,94.464096457551
665161,"Peña, Jeremy",2024,640,85.98221791514831,102.88372922528808,94.4329735702182
514888,"Altuve, Jose",2024,678,83.06174752495335,105.7999873803897,94.43086745267152
650859,"Rengifo, Luis",2025,332,97.76469173836509,91.08920776451647,94.42694975144079
575929,"Contreras, Willson",2025,380,95.51550412455857,93.22146470976882,94.3684844171637
682668,"Acuña, Luisangel",2025,161,85.41137143870135,103.27081697953197,94.34109420911666
687363,"Scott II, Victor",2024,155,94.80395404362615,93.70107715769994,94.25251560066305
666969,"García, Adolis",2025,369,97.16724488166622,91.33775012429062,94.25249750297843
701350,"Anthony, Roman",2025,123,92.51678743031283,95.98452626998709,94.25065685014997
664728,"Isbel, Kyle",2025,241,92.04993709352016,96.29942703636928,94.17468206494472
545341,"Grichuk, Randal",2025,172,86.62666823043787,101.70772049772388,94.16719436408087
643396,"Kiner-Falefa, Isiah",2025,296,98.3314090539576,89.99121467300009,94.16131186347884
669720,"Hays, Austin",2025,189,80.28260086528124,107.89887801224623,94.09073943876373
543510,"McCann, James",2024,231,88.08150367485685,99.9553678456421,94.01843576024947
657041,"Thomas, Lane",2024,526,93.50241412191431,94.49921218830814,94.00081315511122
641598,"Garver, Mitch",2024,428,101.27362881262721,86.70839100311318,93.9910099078702
671289,"Freeman, Tyler",2024,379,103.46170084191708,84.51204941551882,93.98687512871794
571657,"Farmer, Kyle",2025,218,101.08538785144974,86.70810706445171,93.89674745795072
641658,"Hampson, Garrett",2024,227,101.23424451760533,86.54668907765655,93.89046679763095
682657,"Martínez, Angel",2024,168,99.53490702616969,88.21456633783329,93.8747366820015
623993,"Santander, Anthony",2024,661,89.47783332336806,98.14408291640277,93.81095811988541
624585,"Soler, Jorge",2024,573,92.34214194174079,95.22859349273443,93.78536771723762
672275,"Bailey, Patrick",2025,246,97.62997852773623,89.79457946666099,93.71227899719861
677587,"Rocchio, Brayan",2025,138,98.71130359171082,88.68670134438287,93.69900246804684
691785,"Mayer, Marcelo",2025,123,85.85503568487611,101.45327525873846,93.65415547180729
672279,"Siani, Michael",2024,320,98.22538602306676,89.0712242297669,93.64830512641683
681460,"Baldwin, Brooks",2025,165,91.1587202964822,96.1352861188778,93.64700320768
553869,"Díaz, Elias",2025,201,97.18392608689959,90.09204147778527,93.63798378234243
668227,"Arozarena, Randy",2024,646,96.13963723687566,91.10975612861432,93.624696682745
686217,"Frelick, Sal",2024,517,99.56239338742026,87.61257444300338,93.58748391521182
643396,"Kiner-Falefa, Isiah",2024,491,92.98566251299165,94.18912183207257,93.5873921725321
686527,"Canzone, Dominic",2024,184,81.54752728069664,105.56826431560395,93.5578957981503
596117,"Stubbs, Garrett",2024,185,99.11407331137701,87.90748568448487,93.51077949793094
670224,"Misner, Kameron",2025,215,94.59553097150042,92.42200038832749,93.50876567991395
641598,"Garver, Mitch",2025,168,100.57082544726882,86.41917832503327,93.49500188615104
676391,"Clement, Ernie",2025,333,96.21807615533771,90.72720932938671,93.47264274236221
571657,"Farmer, Kyle",2024,240,95.35053436879167,91.53688384474759,93.44370910676963
663993,"Lowe, Nathaniel",2025,397,100.2783514536135,86.60192974127735,93.44014059744542
624641,"Sosa, Edmundo",2025,142,87.00487929340221,99.77235648359994,93.38861788850107
664728,"Isbel, Kyle",2024,417,92.78755022752065,93.96803077416115,93.3777905008409
664056,"Bader, Harrison",2025,262,90.41371494650807,96.20598115961944,93.30984805306375
642731,"Estrada, Thairo",2024,378,89.26412787273296,97.33791452102295,93.30102119687795
665750,"Taveras, Leody",2025,175,94.50858884684718,91.90954798463798,93.20906841574258
700932,"Manzardo, Kyle",2024,155,90.83145776847698,95.55514191757023,93.1932998430236
670223,"Mervis, Matt",2025,133,85.84718615856269,100.31603350639136,93.08160983247703
518595,"d'Arnaud, Travis",2025,151,93.11814294357372,92.78917244374733,92.95365769366052
666134,"Jones, Nolan",2025,257,94.75606829932242,91.13207343504823,92.94407086718533
671739,"Harris II, Michael",2025,361,87.34279507695811,98.34904404825774,92.84591956260792
692225,"Campbell, Kristian",2025,258,96.6140209991575,89.028370725423,92.82119586229025
572138,"Singleton, Jon",2024,403,89.62698556153697,95.91813485086101,92.77256020619899
682998,"Carroll, Corbin",2025,358,90.0365144522946,95.48971855939045,92.76311650584253
663968,"Mangum, Jake",2025,220,92.94837337320851,92.51329935539441,92.73083636430147
691777,"Muncy, Max",2025,202,80.78084413185115,104.58383386911194,92.68233900048155
596142,"Sánchez, Gary",2024,278,92.93575199633105,92.28741854793694,92.611585272134
592178,"Bryant, Kris",2024,154,99.959801504088,85.04367456929023,92.50173803668912
650391,"Jiménez, Eloy",2024,347,88.42436039778084,96.55073628685082,92.48754834231583
686797,"Lee, Brooks",2025,294,92.7413697605288,92.21027775981469,92.47582376017175
641933,"O'Neill, Tyler",2024,466,93.12356602815137,91.69972899051412,92.41164750933274
682641,"Matos, Luis",2024,154,88.74658460293251,96.02129857549681,92.38394158921466
682928,"Abrams, CJ",2025,361,92.71019025835086,92.05514649113931,92.3826683747451
677950,"Thomas, Alek",2025,275,90.0892724541824,94.49565520032314,92.29246382725277
668709,"Bleday, JJ",2025,231,101.31853505811983,83.2415727702425,92.28005391418117
686780,"Pagés, Pedro",2025,238,91.93580937370051,92.4349513015421,92.1853803376213
647351,"Toro, Abraham",2025,190,93.48214481556018,90.8793168133447,92.18073081445243
514888,"Altuve, Jose",2025,392,82.88344169482588,101.29517296289839,92.08930732886213
673962,"Jung, Josh",2025,293,86.6953836058126,97.44250676146405,92.06894518363832
642133,"Tellez, Rowdy",2025,183,89.93166986334373,94.09614134897926,92.0139056061615
609280,"Andujar, Miguel",2024,318,95.18240916046383,88.82394019412956,92.0031746772967
609280,"Andujar, Miguel",2025,190,95.99189024400108,87.99115304582779,91.99152164491443
596115,"Story, Trevor",2025,379,86.47578800384085,97.17352328843191,91.82465564613638
682829,"De La Cruz, Elly",2025,405,81.37175812316099,102.24001376878275,91.80588594597187
663743,"Fortes, Nick",2025,126,102.32077016713987,81.21730794016038,91.76903905365012
677588,"Tena, José",2024,166,82.02554164443946,101.42548964334036,91.7255156438899
681962,"Capra, Vinny",2025,101,100.9848780721787,82.40148570368174,91.69318188793022
666310,"Naylor, Bo",2024,384,97.00658229078161,86.35890298831407,91.68274263954784
682622,"Marte, Noelvi",2024,241,72.09436120124525,111.25002156243956,91.6721913818424
664056,"Bader, Harrison",2024,432,87.16580354500249,95.94737872142825,91.55659113321536
682657,"Martínez, Angel",2025,281,88.84357020582264,94.22466614039708,91.53411817310986
624431,"Trevino, Jose",2024,232,99.5714419289009,83.47527724869401,91.52335958879746
670242,"Wallner, Matt",2025,198,93.47166922381727,89.48762154526243,91.47964538453985
679845,"Loftin, Nick",2024,170,102.58197921488359,80.34501290993637,91.46349606240997
656537,"Hill, Derek",2024,170,85.00765908071881,97.8614027668989,91.43453092380886
670242,"Wallner, Matt",2024,260,89.87738318716082,92.98116451608368,91.42927385162224
657041,"Thomas, Lane",2025,142,103.53297816445333,79.32430776404952,91.42864296425142
702358,"Lipscomb, Trey",2024,209,97.67597760106865,85.16473795212136,91.42035777659501
592696,"Rosario, Eddie",2024,317,90.96334024503935,91.83918837851567,91.40126431177751
700242,"Sweeney, Trey",2025,247,89.66241971464552,92.70723491147267,91.18482731305909
669127,"Langeliers, Shea",2024,527,82.28680976965072,100.07282796821733,91.17981886893402
673237,"Diaz, Yainer",2025,335,78.45981729736107,103.75004525722008,91.10493127729058
691176,"Domínguez, Jasson",2025,308,84.52225821955848,97.65483380323228,91.08854601139538
570482,"Urshela, Gio",2025,131,87.31429916339471,94.78861201285704,91.05145558812588
543877,"Vázquez, Christian",2024,310,93.34899194804599,88.54032213451991,90.94465704128295
642708,"Rosario, Amed",2024,345,85.79605087104183,95.98545603061639,90.89075345082911
669394,"Burger, Jake",2025,280,76.45701592478659,105.31241737076053,90.88471664777356
642708,"Rosario, Amed",2025,148,90.20587976583178,91.49052738824173,90.84820357703676
663886,"Stephenson, Tyler",2025,212,89.17784437803851,92.51343529876101,90.84563983839976
624431,"Trevino, Jose",2025,183,89.70794218106832,91.96774713693698,90.83784465900266
621438,"Taylor, Tyrone",2025,269,91.7330082948303,89.85888610245232,90.7959471986413
666969,"García, Adolis",2024,634,90.70521305075913,90.82884436818804,90.76702870947358
621043,"Correa, Carlos",2025,320,84.65412850399163,96.87838971007149,90.76625910703156
677595,"Mauricio, Ronny",2025,101,82.7753378522528,98.68989885554508,90.73261835389894
677649,"Duran, Ezequiel",2024,284,81.75560428473845,99.51898014936268,90.63729221705057
680718,"Barger, Addison",2024,221,83.00437418103466,98.23821859531806,90.62129638817636
666624,"Morel, Christopher",2024,606,97.10600368276593,84.02271782007756,90.56436075142175
681546,"Outman, James",2024,156,98.35050503956616,82.77769219568079,90.56409861762347
691023,"Walker, Jordan",2024,178,93.56529036594144,87.56146078575917,90.5633755758503
663898,"Rodgers, Brendan",2025,128,87.2163261284039,93.81737045469325,90.51684829154857
666134,"Jones, Nolan",2024,294,94.69757656189883,86.14155492595872,90.41956574392877
689172,"Wisely, Brett",2024,266,88.98298444083876,91.64220807252131,90.31259625668004
679032,"Rojas, Johan",2025,150,82.81873866772256,97.5514607431987,90.18509970546063
660688,"Ruiz, Keibert",2024,484,94.33615012351473,85.92953521702965,90.1328426702722
521692,"Perez, Salvador",2024,640,79.31381076998335,100.72574226287442,90.01977651642889
702176,"Roden, Alan",2025,110,102.85124089672743,76.55315232267834,89.7021966097029
676356,"DeLuca, Jonny",2024,359,85.01995317973575,94.260673455871,89.64031331780338
657757,"Sheets, Gavin",2024,497,86.48783401378427,92.4769280032832,89.48238100853374
694388,"Loperfido, Joey",2024,259,83.02693835221115,95.69448922297069,89.36071378759092
663698,"Bart, Joey",2024,279,87.089542160928,91.6271268118904,89.3583344864092
623993,"Santander, Anthony",2025,208,87.58681179861635,91.10195695974359,89.34438437917997
666624,"Morel, Christopher",2025,187,86.50083665003623,92.08111371749101,89.29097518376362
687401,"Ortiz, Joey",2024,501,95.10820317028242,83.44317012957745,89.27568664992994
592669,"Renfroe, Hunter",2024,423,96.41609294251607,82.08160501937215,89.2488489809441
687952,"Encarnacion-Strand, Christian",2025,135,82.10461670497598,96.38300028127388,89.24380849312493
623912,"Ramírez, Harold",2024,243,84.87659638471573,93.60548406292789,89.24104022382181
810938,"Williamson, Ben",2025,250,89.97275044520288,88.37412263891713,89.17343654206
621438,"Taylor, Tyrone",2024,341,84.93549591103259,93.05449470674543,88.994995308889
687401,"Ortiz, Joey",2025,311,91.83995963236497,85.96414479969361,88.90205221602929
686780,"Pagés, Pedro",2024,215,85.94593933456025,91.53297517670644,88.73945725563334
624413,"Alonso, Pete",2024,686,88.5065608584395,88.69299168289012,88.59977627066482
676609,"Caballero, José",2025,238,83.78156730264283,93.11613498841265,88.44885114552774
686797,"Lee, Brooks",2024,182,85.85116213575796,91.04608395862101,88.44862304718949
663698,"Bart, Joey",2025,219,86.73025172690114,89.93777402965746,88.33401287827931
642133,"Tellez, Rowdy",2024,419,89.09155714350632,87.239861976363,88.16570955993467
521692,"Perez, Salvador",2025,376,78.43616782719516,97.88738616394399,88.16177699556957
519317,"Stanton, Giancarlo",2024,450,83.52053682394077,92.76878088624777,88.14465885509426
592669,"Renfroe, Hunter",2025,108,98.33863611301084,77.84846566501966,88.09355088901525
660707,"Montero, Elehuris",2024,247,78.9358614251702,96.67517822429181,87.80551982473101
682829,"De La Cruz, Elly",2024,689,78.22763548334302,96.77402704170218,87.50083126252261
645444,"Herrera, Jose",2025,148,98.45584542026214,76.25584932573035,87.35584737299624
607680,"Pillar, Kevin",2024,313,82.42265062388769,92.16972586834014,87.29618824611391
676609,"Caballero, José",2024,477,85.74396723121743,88.57296774374524,87.15846748748133
679032,"Rojas, Johan",2024,354,81.02249321669623,93.19314951886085,87.10782136777854
678877,"Noel, Jhonkensy",2024,197,73.15093886185531,100.7138072739648,86.93237306791005
691406,"Caminero, Junior",2024,174,77.24559418651108,96.33990355475684,86.79274887063397
642350,"Siri, Jose",2024,445,78.06094627793918,95.46290653761197,86.76192640777558
666163,"Rortvedt, Ben",2024,326,95.42217992337636,77.93271244535957,86.67744618436797
641313,"Anderson, Tim",2024,240,86.34239014615562,86.85649815572752,86.59944415094157
666397,"Julien, Edouard",2024,299,88.61318733376154,83.82796467815675,86.22057600595915
665833,"Cruz, Oneil",2024,590,85.18982221561139,87.18937703181196,86.18959962371167
455117,"Maldonado, Martín",2025,133,80.60167079899627,91.70060714942942,86.15113897421284
592273,"Drury, Brandon",2024,359,98.25612674403867,73.47184064828355,85.86398369616111
624415,"Biggio, Cavan",2024,222,86.6581891561997,85.0450341197933,85.8516116379965
656577,"Jackson, Alex",2024,154,77.05750408286971,94.5414409879305,85.7994725354001
663647,"Hayes, Ke'Bryan",2025,345,88.48569282449294,82.62037561401189,85.55303421925242
673962,"Jung, Josh",2024,188,71.05637651136169,99.99247519140187,85.52442585138178
656180,"Adams, Riley",2025,110,88.82578900485855,81.98965913911309,85.40772407198583
680777,"Jeffers, Ryan",2024,462,79.24135381623921,91.30167540940081,85.27151461282001
672820,"Sosa, Lenyn",2025,294,72.1260844810526,94.80885002213142,83.46746725159201
624512,"McGuire, Reese",2024,156,78.39569774227085,88.53040477123892,83.46305125675488
594807,"Duvall, Adam",2024,328,81.05385626597717,85.62606660636007,83.33996143616862
663647,"Hayes, Ke'Bryan",2024,391,86.58150452155027,78.15203479671722,82.36676965913375
670541,"Alvarez, Yordan",2025,118,79.54260441905957,84.73682898571427,82.13971670238692
695506,"Caglianone, Jac",2025,138,84.12212010553,79.87266391713717,81.99739201133359
666150,"Fletcher, Dominic",2024,238,80.5471091933128,81.93071582552761,81.2389125094202
665833,"Cruz, Oneil",2025,354,75.1839598488005,86.48496643812439,80.83446314346244
694497,"Carter, Evan",2024,162,77.17478968896279,84.2778463436182,80.72631801629049
595879,"Báez, Javier",2025,283,70.30230935856639,89.04231653725653,79.67231294791145
691023,"Walker, Jordan",2025,191,80.21631281185861,79.08137653799425,79.64884467492644
681146,"Bride, Jonah",2025,121,88.95595146054832,70.14078040638842,79.54836593346838
578428,"Iglesias, Jose",2025,200,71.20723920470527,86.52731529941963,78.86727725206245
595879,"Báez, Javier",2024,286,65.24458675068944,88.58354997747642,76.91406836408294
672016,"Clarke, Denzel",2025,145,55.65428544151288,93.68877052867911,74.67152798509599
